PM ID,Match Class,Notes,Lookup Sentence,Top Yielded Sentence,score,Character length
294428,Very similar,,"corona virus cases..

new york
wk 1 - 2
wk 2 - 105
wk 3 - 613

france
wk 1 - 12
wk 2 - 191
wk 3 - 653
wk 4 - 4499

iran
wk 1 - 2
wk 2 - 43
wk 3 - 245
wk 4 - 4747
wk 5 - 12729

italy
wk 1 - 3
wk 2 - 152
wk 3 - 1036
wk 4 - 6362
wk 5 - 21157

spain
wk 1 - 8
wk 3 - 674
wk 4 - 6043


india

week 1 - 3
week 2 - 24
week 3 - 105

next two weeks are crucial for india.
if we take adequate precaution and break the chain then we can tide the corona virus outbreak else we have","corona virus cases..

new york
wk 1 - 2
wk 2 - 105
wk 3 - 613

france
wk 1 - 12
wk 2 - 191
wk 3 - 653
wk 4 - 4499

iran
wk 1 - 2
wk 2 - 43
wk 3 - 245
wk 4 - 4747
wk 5 - 12729

italy
wk 1 - 3
wk 2 - 152
wk 3 - 1036
wk 4 - 6362
wk 5 - 21157

spain
wk 1 - 8
wk 3 - 674
wk 4 - 6043

india
week 1 - 3
week 2 - 24
week 3 - 105

next two weeks are crucial for india.
if we take adequate precaution and break the chain then we can tide the corona virus outbreak else we have a",1.00086,468
332980,Very similar,,"*world health organisation protocol&procedure of lockdown periods for controlling  on most dangerous virus*

step 1 - 1 day.
step 2- 21 days.
after 5 days.
step 3- 28 days.
after 5 days.
step 4 - 15 days.

the sameway, our indian governments are follow:
mar22-1 day ( trial lockdown)

mar24-apr14 - 21 days(first lockdown)

april15- april19 - relax from lockdown.

apr20 - may 18 - 28days(second lockdown)

*incase,covid19 patient ratio is zero*
withdraw the lockdown.
otherwise,
may19 - may 24 - relax from lockdown.

may 25 - june 10 - 15 days (final lockdown).
this is only a forwarded message.just for information and alert please.","*world health organisation protocol&procedure of lockdown periods for controlling  on most dangerous virus*

step 1 - 1 day.
step 2- 21 days.
after 5 days.
step 3- 28 days.
after 5 days.
step 4 - 15 days.

the sameway, our indian governments are follow:
mar22-1 day ( trial lockdown)

mar24-apr14 - 21 days(first lockdown)

april15- april19 - relax from lockdown.

apr20 - may 18 - 28days(second lockdown)

*incase,covid19 patient ratio is zero*
withdraw the lockdown.
otherwise,
may19 - may 24 - relax from lockdown.

may 25 - june 10 - 15 days (final lockdown).
subject to situations ??????",1.00029,635
351576,Very similar,,"**** lockdown calendar == world health organisation == """"w.h.o"""" == protocol & procedure of lockdown periods for controlling over the most dangerous virus****

step 1 = 1 day.
step 2 = 21 days.
after 5 days.
step 3. = 28 days.
after 5 days.
step 4 = 15 days.

the same way, our indian govt was following the w.h.o.'s lockdown calendar :::==
mar 22 = 1 day ( trial lockdown)

mar 24 = apr14 = 21 days (first phase of lockdown)

april15 = april 19 = relax from the lockdown.

apr 20 = may 18 = 28 days (second phase of lockdown)

***incase, covid=19 patient ratio is zero***
withdraw from the lockdown.
otherwise,
may19 =","**** lockdown calendar == world health organisation == """"w.h.o"""" == protocol & procedure of lockdown periods for controlling  over the most dangerous virus****

step 1 = 1 day.
step 2 = 21 days.
after 5 days.
step 3. = 28 days.
after 5 days.
step 4  = 15 days.

the same way, our indian govt was following the w.h.o.'s lockdown calendar :::==
mar 22 = 1 day ( trial lockdown)

mar 24 = apr14 = 21 days  (first phase of lockdown)

april15 = april 19 =  relax from the lockdown.

apr 20 = may 18 = 28 days (second phase of lockdown)

***incase, covid=19 patient ratio is zero***
withdraw",1.00022,619
200551,Very similar,,"hi
*most urgent,very serious, important information*📣

*ministry of health’s emergency notification to the public that the coronavirus influenza outbreak this time is very very serious & fatal. there's no cure once you are infected.*
*its spreading from china to various countries*

*prevention method is to keep your throat moist, do not let your throat dry up. thus do not hold your thirst because once your membrane in your throat is dried, the virus will invade into your body within 10 mins.*
*drink 50-80cc warm water, 30-50cc for kids, according to age.* *everytime u feel your throat is dry, do not wait, keep water in hand.*","*most urgent,very serious, important information*📣

*ministry of health’s emergency notification to the public that the coronavirus influenza outbreak this time is very very serious & fatal. there's no cure once you are infected.*
*its spreading from china to various countries*

*prevention method is to keep your throat moist, do not let your throat dry up. thus do not hold your thirst because once your membrane in your throat is dried, the virus will invade into your body within 10 mins.*
*drink 50-80cc warm water, 30-50cc for kids, according to age.* *everytime u feel your throat is dry, do not wait, keep water in hand.*",0.99137,633
338026,Very similar,,"hai.
*world health organisation protocol&procedure of lockdown periods for controlling  on most dangerous virus*

step 1 - 1 day.
step 2- 21 days.
after 5 days.
step 3- 28 days.
after 5 days.
step 4 - 15 days.

the sameway, our indian governments are follow:
mar22-1 day ( trial lockdown)

mar24-apr14 - 21 days(first lockdown)

april15- april19 - relax from lockdown.

apr20 - may 18 - 28days(second lockdown)

*incase,covid19 patient ratio is zero*
withdraw the lockdown.
otherwise,
may19 - may 24 - relax from lockdown.

may 25 - june 10 - 15 days (final lockdown).","hi
*world health organisation protocol&procedure of lockdown periods for controlling  on most dangerous virus*

step 1 - 1 day.
step 2- 21 days.
after 5 days.
step 3- 28 days.
after 5 days.
step 4 - 15 days.

the sameway, our indian governments are follow:
mar22-1 day ( trial lockdown)

mar24-apr14 - 21 days(first lockdown)

april15- april19 - relax from lockdown.

apr20 - may 18 - 28days(second lockdown)

*incase,covid19 patient ratio is zero*
withdraw the lockdown.
otherwise,
may19 - may 24 - relax from lockdown.

may 25 - june 10 - 15 days (final lockdown).
this msg is true ?",0.98790,568
309825,Very similar,,"great news! carona virus vaccine ready. able to cure patient within 3 hours after injection. hats off to us scientists.
right now  trump announced that roche medical company will launch the vaccine next sunday, and millions of doses are ready from it !!!
plz check🙏🙏🙏","great news! carona virus vaccine ready. able to cure patient within 3 hours after injection. hats off to us scientists.
right now  trump announced that roche medical company will launch the vaccine next sunday, and millions of doses are ready from it !!!",0.98775,266
217578,Very similar,,"pass it please

good news, wuhan's corona virus can be cured by one bowl of freshly boiled garlic water.
old chinese doctor has proven it's efficacy.  many patients has also proven this to be effective. eight (8) cloves of chopped garlics add seven (7)cups of water and bring to boil.,  eat and drink the boiled garlic water, overnight improvement and healing. glad to share this.","forwared~~

good news, wuhan's corona virus can be cured by one bowl of freshly boiled garlic water.
old chinese doctor has proven it's efficacy.  many patients has also proven this to be effective. eight (8) cloves of chopped garlics add seven (7)cups of water and bring to boil.,  eat and drink the boiled garlic water, overnight improvement and healing. glad to share this.",0.98648,380
343367,Very similar,,"actions in whatsapp

1. √ = message sent

2. √√ = message delivered

3. 2 blue √√ = message read

4. 3 blue √√√ = government has taken a note

5. 2 blue 1 red √√√ = government can take action against you

6.  एक नीली और दो लाल 1 blue 2 red √√√ = government is screening your data

7. 3 red √√√ =  government has initiated action & you'll receive summons from court

be a responsible citizen & share with your friends

🙏🏽🙏🏽🙏🏽","whatsapp info regarding √

1. √ = message sent

2. √√ = message delivered

3. 2 blue √√ = message read

4. 3 blue √√√ = government has taken a note

5. 2 blue 1 red √√√ = government can take action against you

6.  एक नीली और दो लाल 1 blue 2 red √√√ = government is screening your data

7. 3 red √√√ =  government has initiated action & you'll receive summons from court

be a responsible citizen & share with your friends

🙏🏽🙏🏽🙏🏽",0.98530,421
308887,Very similar,,"good morning sir
i am a student of pgims rohtak haryana
as you know due to pandemic situation our honorable pm decided to lockdown the whole country and also our  respect cm decided the implementation of section 144 but still our classes are not suspended where we gather in a huge number (250) and also the hostel mess are still open.
there are about 4 mess in boys hostel and 2  in girls hostel which have a workload of 4 mbbs batches (3 have 200 students and 19 batch have a strength 250 students) 4 bds batches, nursing batches","good evening sir
i am a student of pgims rohtak haryana
as you know due to pandemic situation our honorable pm decided to lockdown the whole country and also our  respect cm decided the implementation of section 144 but still our classes are not suspended where we gather in a huge number (250) and also the hostel mess are still open.
there are about 4 mess in boys hostel and 2  in girls hostel which have a workload of 4 mbbs batches (3 have 200 students and 19 batch have a strength 250 students) 4 bds batches, nursing batches",0.98332,531
348491,Very similar,,"pl reply
due to rapid spreading of corona virous in mumbai specially dhaeavi slum area,. i want to express my following suggestions:
1.  dhaeavi slum area. is a dense population area,
2. it is not possible  in slum area to maintain social distancing.
3.  it is also not possible to quarantine them in the slum area.
4.   our advise is to shift  maximum  slum population  in the  vacated building, or  flats  or high rise building  which is newly constructed in mumbai area, so that  corona not spreading or maintain social distancing.
this","due to rapid spreading of corona virous in mumbai specially dhaeavi slum area,. i want to express my following suggestions:
1.  dhaeavi slum area. is a dense population area,
2. it is not possible  in slum area to maintain social distancing.
3.  it is also not possible to quarantine them in the slum area.
4.   our advise is to shift  maximum  slum population  in the  vacated building, or  flats  or high rise building  which is newly constructed in mumbai area, so that  corona not spreading or maintain social distancing.
this is",0.98145,539
334232,Very similar,,"group admin is requested to close group for 2days as police can take action against admin & group members vide section 68, 140 & 188 if anyone even by mistake post joke on corona. everyone could be in trouble. hence i draw the attention of group admin to take necessary steps.
is this news true","group admin is requested to close group for 2days as police can take action against admin & group members vide section 68, 140 & 188 if anyone even by mistake post joke on corona. everyone could be in trouble. hence i draw the attention of group admin to take necessary steps.",0.98102,294
303864,Very similar,,"great news! carona virus vaccine ready. able to cure patient within 3 hours after injection. hats off to us scientists.
right now  trump announced that roche medical company will launch the vaccine next sunday, and millions of doses are ready from it !!!
is it true news?","great news! carona virus vaccine ready. able to cure patient within 3 hours after injection. hats off to us scientists.
right now  trump announced that roche medical company will launch the vaccine next sunday, and millions of doses are ready from it !!!",0.97753,271
306483,Very similar,,"*very seriously to think !*

how come russia & north korea are totally free of covid- 19 ?
because they are staunch ally of china.  not a single case reported from this 2 countries. on the other hand south korea / united kingdom / italy / spain and asia are severely hit.

how come wuhan is suddenly free from the deadly virus?

china will say that their drastic initial  measures they took was very stern and wuhan was locked down to contain the spread to other areas.

why beijing was not hit ?
why only wuhan ?","*point to ponder over*

how come russia & north korea are totally free of covid- 19? because they are staunch ally of china. not a single case reported from this 2 countries. on the other hand south korea / united kingdom / italy / spain and asia are severely hit. how come wuhan is suddenly free from the deadly virus? china will say that their drastic  initial  measures they took was very stern and wuhan was locked down to contain the spread to other areas. why beijing was not hit?  why only wuhan? kind of interesting to ponder",0.97745,513
308403,Very similar,,"is it true ?
from tomorrow onwards there are new communication regulations.

all calls are recorded

all phone call recordings saved

whatsapp is monitored

twitter is monitored

facebook is monitored

all social media and forums are monitored

inform those who do not know.

your devices are connected to ministry systems.

take care not to send unnecessary messages

inform your children, relatives and friends about this to take care

​​don't forward any posts or videos etc., you receive  regarding politics/present situation about government/pm etc.​​

police have put out a notification termed ..cyber crime ... and action will be taken...just don't delete ...

inform your friends & others too.

writing or forwarding any msg on any","from tomorrow onwards there are new communication regulations.

all calls are recorded

all phone call recordings saved

whatsapp is monitored

twitter is monitored

facebook is monitored

all social media and forums are monitored

inform those who do not know.

your devices are connected to ministry systems.

take care not to send unnecessary messages

inform your children, relatives and friends about this to take care

​​don't forward any posts or videos etc., you receive  regarding politics/present situation about government/pm etc.​​

police have put out a notification termed ..cyber crime ... and action will be taken...just don't delete ...

inform your friends & others too.

writing or forwarding any msg on any political & religious",0.97740,739
346144,Very similar,,"a few sunny predictions in these gloomy days. remeber you read them here first.

1. by june, india will be the first country to be freed from the clutches of this pandemic.

2. our lockdown, hot weather and our higher immunity levels will see us through.

3. we will be the largest exporters of medicines and the world will look to us for regular supplies of bcg vaccines, anti-malarial drugs hydroxy chloroquinine etc.

4. manufacturing facilities will be set up in india, in preference to china, by corporations from all over the world.100 usa n 200 japanese already leaving fm","*a few sunny predictions in these gloomy days. remember you read them here first.......*

1. by june, india will be the first country to be freed from the clutches of this pandemic.

2. our lockdown, hot weather and our higher immunity levels will see us through.

3. we will be the largest exporters of medicines and the world will look to us for regular supplies of bcg vaccines, anti-malarial drugs hydroxy chloroquinine etc.

4. *manufacturing facilities will be set up in india, in preference to china, by corporations from all over the world.100 usa n 200 japanese already leaving from china",0.97092,579
357657,Very similar,,okay..  thank you so much.  🙏🏻,thank you so much..👌,0.96703,29
316603,Very similar,,"🍋🍵🍋🍵🍋🍵
*in israel no death from c-19 !*
 he told them a super news... this is how it arrived and this is how i send it.
the cure for the c19 virus or the way to eliminate it was achieved.
information comes from israel there this virus did not cause any death.
* the recipe is simple *
 1. * lemon * 🍈
 2. * bicarbonate * 🥛
🍽️mix and drink as hot tea 🍵 every afternoon, the action of the lemon with hotter baking soda ♨ immediately kills the virus 🦠 completely eliminates it from the body. these two components alkalize the","*in israel no death from c-19!*

he told them a super news ... this is how it arrived and this is how i send it.

the cure for the c19 virus or the way to eliminate it was achieved.
 information comes from israel there this virus did not cause any death

  *the recipe is simple*
 1. *lemon* 🍈
 2. *bicarbonate* 🥛
 mix and drink as hot tea 🍵 every afternoon, the action of the lemon with hotter baking soda ♨ immediately kills the virus 🦠 completely eliminates it from the body.  these two components alkalize the immune system, since",0.96635,519
303678,Very similar,,"tonight from 11:40 pm nobody should be on the street.  doors and windows should remain closed as 5 helicopters spray disinfectants into the air to eradicate the coranavirus.  please process this information to all of your contacts
plz check this news
+91 90131 51515",tonight from 11:40 pm nobody should be on the street.  doors and windows should remain closed as 5 helicopters spray disinfectants into the air to eradicate the coranavirus.  please process this information to all of your contacts,0.96458,266
354618,Very similar,,okay thanks 🙏🙇,"ok, thanks please🙏",0.96395,13
339196,Very similar,,"dear all,

mandate for all:
tonight  12 ( midnight) onwards disaster management act has been implemented across the country. according to this update, apart from the govt department no other citizen is allowed to post any update or share any forward related to corona virus and it being punishable offence.

group admins are requested to post the above update and inform the groups.

 please  adhere this strictly.
https://timesofindia.indiatimes.com/india/centre-in-sc-no-media-should-publish-covid-19-info-without-ascertaining-facts-with-govt/articleshow/74918103.cms","dear all,

mandate for all:
tonight  12 ( midnight) onwards disaster management act has been implemented across the country. according to this update, apart from the govt department no other citizen is allowed to post any update or share any forward related to corona virus and it being punishable offence.

group admins are requested to post the above update and inform the groups.

 please  adhere this strictly.

https://www.livelaw.in/top-stories/centre-seeks-sc-direction-that-no-media-should-publish-covid-19-news-without-first-ascertaining-facts-with-govt-154601",0.96345,569
339784,Very similar,,"*information from patients recovering from the hospital ...*

*_every day we are there:_*

 1. take vit c-1000
 2. vitamin e
 3. 10:00 - 11:00 sunlight for 15-20 minutes.
 4. egg one item
 5. take a rest / get a 7-8 hour min
 6. drink 1.5 l

of water daily and every meal should be warm (not cold).
 that's what we do at the hospital.

 this is to tell all of us that the ph for the coronary virus varies from 5.5 to 8.5

 what we need to do, to defeat the coronary virus, is to consume more alkaline foods above the","information from patients recovering from the hospital ...

 every day we are there:

 1. take vit c-1000
 2. vitamin e
 3. 10:00 - 11:00 sunlight for 15-20 minutes.
 4. egg one item
 5. take a rest / get a 7-8 hour min
 6. drink 1.5 l of water daily and every meal should be warm (not cold).

 that's what we do at the hospital.

 this is to tell all of us that the ph for the coronary virus varies from 5.5 to 8.5

 what we need to do, to defeat the coronary virus, is to consume more alkaline foods",0.96339,516
306030,Very similar,,"🤔 worth pondering!

how come russia & north korea are totally free of covid- 19? because they are staunch al inly of china. not a single case reported from this 2 countries. on the other hand south korea / united kingdom / italy / spain and asia are severely hit. how come wuhan is suddenly free from the deadly virus? china will say that their drastic  initial  measures they took was very stern and wuhan was locked down to contain the spread to other areas. why beijing was not hit?  why only wuhan? kind of interesting to","*point to ponder over*

how come russia & north korea are totally free of covid- 19? because they are staunch ally of china. not a single case reported from this 2 countries. on the other hand south korea / united kingdom / italy / spain and asia are severely hit. how come wuhan is suddenly free from the deadly virus? china will say that their drastic  initial  measures they took was very stern and wuhan was locked down to contain the spread to other areas. why beijing was not hit?  why only wuhan? kind of interesting to ponder",0.96183,525
350740,Very similar,,"donations for corona till now.....

 tata: 1500 crore
wipro:1125 crore
amir khan:250 crore
 itc: 150 crore
 hindustan unilever: 100 crore
 anil agarwal (vedanta): 100 crore
 hero cycle: 100 crore
 bajaj group: 100 crore
 shirdi temple: 51 crore
 bcci: 51 crore
 crpf: 33 crore
 akshay kumar, actor: 25 crore
 sun pharma: 25 crore
 ola: 20 crore
 paytm: 5 crore + handwash
 mukesh ambani: 500 crore + hospital
 adani group 500 crore
 anand mahindra: hotels + ventilator
 prabhas , actor: 4 crore
 nadella (microsoft): 2 cr.
 anita dongre: 1.5 crore
 allu arjun:.  1.25 crore
 ram charan: 1.40 crore
 somnath temple trust: 1 crore
","donations for corona till now.....

 tata: 1500 crore
 itc: 150 crore
 hindustan unilever:  100 crore
azim premji 1115 crore
 anil agarwal (vedanta): 100 crore
 hero cycle: 100 crore
 bajaj group: 100 crore
 shirdi temple: 51 crore
 bcci: 51 crore
 crpf: 33 crore
 akshay kumar, actor: 25 crore
 sun pharma: 25 crore
 ola: 20 crore
 paytm: 5 crore + handwash
 mukesh ambani: 500 crore + hospital
 adani group 500 crore
 anand mahindra: hotels + ventilator
 prabhas , actor: 4 crore
 nadella (microsoft): 2 cr.
 anita dongre: 1.5 crore
 allu arjun:.  1.25 crore
 ram charan: 1.40 crore
 somnath temple trust: 1",0.96160,629
335497,Very similar,,ok thank u sir,thank u sir,0.96008,14
344469,Very similar,,"experts are predicting huge down fall of economy due to the corona .
i do not know much about these experts.
but i know for  sure that they do not know anything about the value of human motivation and determined efforts.

if experts were to be believed, after the total destruction in 2nd world war japan had no future. but  the same japan in just 3 decades or so, made us cry at the market place.

if the experts were to be believed, israel should have been wiped out from the world map by the arabs, but the fact is different.

as per","message from mr tata

experts are predicting huge down fall of economy due to the corona .
i do not know much about these experts.
but i know for sure that they do not know anything about the value of human motivation and determined efforts.

if experts were to be believed, after the total destruction in 2nd world war japan had no future. but  the same japan in just 3 decades or so, made us cry at the market place.

if the experts were to be believed, israel should have been wiped out from the world map by the arabs, but the fact",0.95955,536
326582,Very similar,,hi kindly verify this audio,kindly verify this audio,0.95815,27
341285,Very similar,,"information from patients recovering from the hospital ...

 daily

 1. take vit c-1000
 2. vitamin e
 3. 10:00 - 11:00 sunlight for 15-20 minutes.
 4. egg one item
 5. take a rest / get a 7-8 hour min
 6. drink 1.5 l of water daily and every meal should be warm (not cold).
 that's what we do at the hospital.

 this is to tell all of us that the ph for the coronary virus varies from 5.5 to 8.5

 what we need to do, to defeat the coronary virus, is to consume more alkaline foods above the virus's ph level.

","information from patients recovering from the hospital ...

 every day we are there:

 1. take vit c-1000
 2. vitamin e
 3. 10:00 - 11:00 sunlight for 15-20 minutes.
 4. egg one item
 5. take a rest / get a 7-8 hour min
 6. drink 1.5 l of water daily and every meal should be warm (not cold).

 that's what we do at the hospital.

 this is to tell all of us that the ph for the coronary virus varies from 5.5 to 8.5

 what we need to do, to defeat the coronary virus, is to consume more alkaline foods",0.95663,512
317050,Very similar,,sure thank you,"okay
thank you",0.95651,14
309869,Very similar,,"modiji talked to abhijitji pawar (of sakal group) on phone after the national address. clip received just now from shri prataprao pawar, so autentic. interesting discussion.
pls fact chhe","modiji talked to abhijitji pawar (of sakal group) on phone after the national address. clip received just now from shri prataprao pawar, so autentic. interesting discussion.
is this true ?",0.95577,187
332730,Very similar,,"good morning
sir",good morning dear sir,0.95266,16
342009,Very similar,,"thank you do much
thank you so much",thank you so much,0.95153,35
342461,Very similar,,snd me new notification,plz snd me new notification,0.95086,23
311972,Very similar,,"in israel no death from c-19 !

he told them a super news ... this is how it arrived and this is how i send it.

the cure for the c19 virus or the way to eliminate it was achieved.
 information comes from israel there this virus did not cause any death

  * the recipe is simple *
 1. * lemon * 🍈
 2. * bicarbonate * 🥛
 mix and drink as hot tea 🍵 every afternoon, the action of the lemon with hotter baking soda ♨ immediately kills the virus 🦠 completely eliminates it from the body.  these",".
he told them a super news ... this is how it arrived and this is how i send it.  the cure for the c19 virus or the way to eliminate it was achieved.
 information comes from israel there this virus did not cause any death
  * the recipe is simple *
 1. * lemon * 🍈
 2. * bicarbonate * 🥛
 mix and drink as hot tea 🍵 every afternoon, the action of the lemon with hotter baking soda ♨ immediately kills the virus 🦠 completely eliminates it from the body.  these two components alkalize the immune system,",0.95040,490
345952,Very similar,,i want a help,i want help,0.94950,13
311848,Very similar,,"hi rec'd a forwarding today..kindly verify
*well played china....*

*scene 1 :*
the curtain opens: china becomes ill, enters a ""crisis"" and paralyzes its trade.  the curtain closes.

*scene ii.*
the curtain opens: the chinese currency is devalued.  they do not do anything.  the curtain closes.

*scene iii.*
the curtain opens:: due to the lack of trade of companies from europe and the usa that are based in china, their shares fall 40% of their value.

*scene iv.*
the curtain opens:: the world is ill, china buys 30% of the shares of companies in europe and the us at","hi, good morning
*well played china....*

*scene 1 :*
the curtain opens: china becomes ill, enters a ""crisis"" and paralyzes its trade.  the curtain closes.

*scene ii.*
the curtain opens: the chinese currency is devalued.  they do not do anything.  the curtain closes.

*scene iii.*
the curtain opens:: due to the lack of trade of companies from europe and the usa that are based in china, their shares fall 40% of their value.

*scene iv.*
the curtain opens:: the world is ill, china buys 30% of the shares of companies in europe and the us at a very low",0.94945,570
319293,Very similar,,"hi
sir help
please","hi
please help sir",0.94882,18
143277,Very similar,,happy new years,happy new year,0.94575,15
316969,Very similar,,"an open letter to the prime minister of india / chief justice of india and chief ministers of all the states:

from the past few weeks, i have been reading and listening to various low level newspapers, tik-toks, facebook posts, etc. blaming the nris for the outbreak and spread of corona in india and i would like your kind attention to this alarming situation. i would request you to take necessary precautions under law of the land to stop the spread of these negative publications and posts and penalize the guilty as they are spreading this in the community like a","an open letter to the prime minister of india / chief justice of india and chief ministers of all the states:

from the past one week i am reading and listening to various low level newspapers, tik-tok, facebook posts etc. blaming the nri's for the outbreak and spread of corona in india and would like your kind attention to this grim situation. i would request you to take necessary measures under laws of the land to stop the spread of this hatred publications and posts and penalize such people and organizations as they are spreading this in the community like virus.",0.94558,569
308095,Very similar,,is it true.,is it is true,0.94445,11
322460,Very similar,,"*information*


all honorable members of the group are informed that right now any post related to corona virus has been declared a punishable offense by the central government, only a government agency can post on corona. on posting the wrong post or message, the members of the entire group including the group administrator will be registered under the it act and action will be taken, so keep in mind be safe!

ravi nayak
principal secretary
ministry of home affairs, government of india","*information*


all honorable members of the group are informed that right now any post related to corona virus has been declared a punishable offense by the central government, only a government agency can post on corona.  in case of wrong post or message, action will be taken against the members of the entire group including the group administrator by registering a lawsuit under the it act, so keep in mind be safe!

 *ravi nayak*
 *principal secretary*
 *ministry of home affairs, government of india*

can u verify its authentication please",0.94244,491
338450,Very similar,,no response given by you,no reply from you.,0.94201,24
319161,Very similar,,"*in israel no death from c-19!*

he told them a super news ... this is how it arrived and this is how i send it.

the cure for the c19 virus or the way to eliminate it was achieved.
 information comes from israel death rate is very low

  *the recipe is simple*
 1. *lemon* 🍈
 2. *bicarbonate* 🥛
 mix and drink as hot tea 🍵 every afternoon, the action of the lemon with hotter baking soda ♨ immediately kills the virus 🦠 completely eliminates it from the body.  these two components alkalize the immune system, since when night falls","*in israel no death from c-19!*

he told them a super news ... this is how it arrived and this is how i send it.

the cure for the c19 virus or the way to eliminate it was achieved.
 information comes from israel there this virus did not cause any death

  *the recipe is simple*
 1. *lemon* 🍈
 2. *bicarbonate* 🥛
 mix and drink as hot tea 🍵 every afternoon, the action of the lemon with hotter baking soda ♨ immediately kills the virus 🦠 completely eliminates it from the body.  these two components alkalize the immune system, since",0.94157,533
356649,Very similar,,very very thanks 👍,thank you very much 🙏🙏🙏🙏,0.93564,18
329840,Very similar,,"ok
what is your name",what is your name ?,0.93540,20
340822,Very similar,,thanks for your response,thank you for your reply.,0.93333,24
307003,Very similar,,"🛑 *all.. read it carefully* 🛑pune carona case

patient name: anita vikas gorad
age: 41 years, gender: female
no comorbidities
occupation: anganwadi sevika at varasgaon
family: husband vikas gorad
daughter priya vikas gorad
son: abhishek vikas gorad

case history:
3rd march- travel to vashi in cab for wedding. 1500 guests at wedding, no-one had h/o foreign travel as per husband.
4th march- return back to pune by same cab. taxi driver questioned- no h/o airport pickup/foreigner traveller in month of february. he is asymptomatic.

6th march- travel to velha for meeting. unknown number of contacts there.

7th march- asymptomatic

8th march- sore throat, dry cough. no relief with inhalation and","patient name: anita vikas gorad
age: 41 years, gender: female
no comorbidities
occupation: anganwadi sevika at varasgaon
family: husband vikas gorad
daughter priya vikas gorad
son: abhishek vikas gorad

case history:
3rd march- travel to vashi in cab for wedding. 1500 guests at wedding, no-one had h/o foreign travel as per husband.
4th march- return back to pune by same cab. taxi driver questioned- no h/o airport pickup/foreigner traveller in month of february. he is asymptomatic.

6th march- travel to velha for meeting. unknown number of contacts there.

7th march- asymptomatic

8th march- sore throat, dry cough. no relief with inhalation and gargles. was at home all day.
9th",0.93328,698
315901,Very similar,,verify this video,please verify this video.,0.93095,17
293796,Very similar,,thank you soo much,thanks so much.,0.93010,18
354796,Very similar,,"very important information about arogya setu app.

let me explain you that how arogya setu app works and can prevent spreading covid19

most of you might have unistalled the app thinking that it is waste or no effective use.

so i urge people to install or install again who installed earlier

now see...

this app asks you like do you have cough, fever, breathing issue etc.

for sure 99% will write answer as no

now you will be shown in green zone and you might think you are safe and app is waste.

this app asks you to turn on gps and bluetooth

you should kept on always,","good morning.

very important message:

let me explain to you that how arogya setu app works and can prevent spreading covid19

most of you might have unistalled the app thinking that it is waste or no effective use.

so, i urge people to instal; and, or instal again, who installed earlier

now, see...

this app asks you like do you have cough, fever, breathing issue etc.

for sure 99% will write answer as no.

now, you will be shown in green zone and you might think you are safe and app is waste.

this app asks you to turn on gps and bluetooth

you should keep it on always; &,",0.93009,577
343405,Very similar,,"hii
please help me",hello please help me,0.92974,18
297042,Very similar,,good morning dear sir,hello sir good morning,0.92960,21
305688,Very similar,,i m waiting for your reply,i am  waiting  for reply,0.92951,26
305268,Very similar,,"ok.
thanku so much..",thanks so much.,0.92854,20
293194,Very similar,,"kya ye news galat hai
thank you for your message. we're unavailable right now, but will respond as soon as possible.","hii
thank you for your message. we're unavailable right now, but will respond as soon as possible.",0.92836,116
342387,Very similar,,"whatsapp group admin got arrested in mumbai .. for sharing corona jokes
is it true ?",whatsapp group admin got arrested in mumbai .. for sharing corona jokes,0.92768,84
347023,Very similar,,thank you sar,ok sar thanks sar,0.92543,13
303995,Very similar,,"interesting conspiracy theory: did the chinese just win world war iii without firing one bullet?

now here is an interesting conspiracy theory if you want:
impact of coronavirus on stock exchanges worldwide, within 1 month:

 🇺🇸 -26%
 🇬🇧 -26%
 🇨🇦 -25%
 🇧🇷 -27%
 🇷🇺 -20%
 🇦🇪 -19%
 🇿🇦 -16%
 🇦🇺 -24%
 🇮🇳 -14%
 🇸🇬 -17%
 🇭🇰 -12%
 🇰🇷 - 17%

now, look at this:

 🇨🇳 (china) + 0,3%

china, creator of the pandemic, has miraculously ""recovered"", has almost no more cases of coronavirus.  the world is now beginning to feel the effects and panic about the disease.  who recovered first","now here is an interesting conspiracy theory if you want:
impact of coronavirus on stock exchanges worldwide, within 1 month:

 🇺🇸 -26%
 🇬🇧 -26%
 🇨🇦 -25%
 🇧🇷 -27%
 🇷🇺 -20%
 🇦🇪 -19%
 🇿🇦 -16%
 🇦🇺 -24%
 🇮🇳 -14%
 🇸🇬 -17%
 🇭🇰 -12%
 🇰🇷 - 17%

now, look at this:

 🇨🇳 (china) + 0,3%

china, creator of the pandemic, has miraculously ""recovered"", has almost no more cases of coronavirus.  the world is now beginning to feel the effects and panic about the disease.  who recovered first ??  china itself!  it seems to be that this virus was a",0.92484,562
362016,Very similar,,i don't get any answers.,i did not get an answer,0.92426,24
322698,Very similar,,true or false,"hey
true or false",0.92366,13
312086,Very similar,,"is it true
please confirm",please confirm if this is true?,0.92358,25
302895,Very similar,,thankyou so much🙏🏻,thank you. 👏👏,0.92291,17
197322,Very similar,,i want help,hello i want help,0.92170,11
293435,Very similar,,"this is detailed response to some very racist and biased comments by some people in usa & europe :-

1. firstly, despite sharing a border of 3,488 kilometres with china, india has only reported 78 cases and 1 death- compare that with 596 cases and 8 deaths in the uk.

2. india is the only country in the world to evacuate its citizens 6 times (and counting) and evacuated the most number of foreign nationals.

3. the indian air force evacuated a total of 723 indians, 37 foreign nationals from wuhan. india evacuated 119 indians and 5 foreign nationals from japan. iaf","this is what india has done so far...
courtesy: dhrumi bhatt

1. firstly, despite sharing a border of 3,488 kilometres with china, india has only reported 78 cases and 1 death- compare that with 596 cases and 8 deaths in the uk.

2. india is the only country in the world to evacuate its citizens 6 times (and counting) and evacuated the most number of foreign nationals.

3. the indian air force evacuated a total of 723 indians, 37 foreign nationals from wuhan. india evacuated 119 indians and 5 foreign nationals from japan. iaf also evacuated 58 indian pilgrims from iran on the",0.91940,570
324880,Very similar,,"(1) dry cough + sneeze = air pollution

 (2) cough + mucus + sneeze + runny nose =  common cold

 (3) cough + mucus + sneeze + runny nose + body ache + weakness + light fever = flu

  (4) dry cough + sneeze + body pain + weakness + high fever + difficulty breathing =  coronavirus

pathology department aiims, delhi

make this message available to as many people as possible!","(1) ◇ dry cough + sneeze = * air pollution *

 (2) ○ cough + mucus + sneeze + runny nose = * common cold *

 (3) ● cough + mucus + sneeze + runny nose + body ache + weakness + light fever = * flu *

  (4) ■ dry cough + sneeze + body pain + weakness + high fever + difficulty breathing = * coronavirus * may occur ,,,,,,, seek medical advice immediately.
                  prithvi jatolia
                 pathology department
                    aiims, delhi

 make this message available to as many people as possible!🙏🙏🙏",0.91620,375
297453,Very similar,,plz check its authenticity,pls check the authenticity of this vedio,0.91619,26
341764,Very similar,,please check whether it is true.,please check if this is true,0.91610,32
328429,Very similar,,"camera

attachment sent by the user was redacted, file extension ""apk"" not accepted.","base.apk

attachment sent by the user was redacted, file extension ""apk"" not accepted.",0.91485,84
312390,Very similar,,hello please help me,please  help me,0.91380,20
335672,Very similar,,"hi
i want help
i want help
hello",hello i want help,0.91367,32
319676,Somewhat similar,,"what is this
i don't know",i don't know,0.91337,25
355916,Very similar,,call me please,"hii
please call me",0.91331,14
342541,Very similar,,"hello
good night",hello good night sir,0.91243,16
338795,Very similar,,is it true that..,is this true...??,0.91204,17
160352,Very similar,,"just to make india 5 trilian dollar economy....
thanks",just to make india 5 trilian dollar economy....,0.91111,54
315616,Somewhat similar,,ok . thanks for your support.👍👍,"👍
thanks for this",0.91077,30
353598,Very similar,,hello sir good afternoon 🙏,hello sir good afternoon sir,0.91061,26
346173,Very similar,,u didn't responded,"hlo
u have not any answer",0.91021,18
348717,Very similar,,"hello
i need help
please
helo me","hello sir
i need help you",0.90865,32
350799,Somewhat similar,,it is correct,this image is true,0.90793,13
341963,Somewhat similar,,you will not take action,pardhan don't take action,0.90609,24
296733,Very similar,,hi india today team,hii india today,0.90489,19
350449,Very similar,,plzz se  help me sir,plz help you sir,0.90469,20
316058,Very similar,,"sir
help us","hlo sir
sir help me",0.90294,11
328776,Very similar,,"donations for corona till now.....

 tata: 1500 crore
 itc: 150 crore
 hindustan unilever: 100 crore
 anil agarwal (vedanta): 100 crore
 hero cycle: 100 crore
 bajaj group: 100 crore
 shirdi temple: 51 crore
 bcci: 51 crore
 crpf: 33 crore
 akshay kumar, actor: 25 crore
 sun pharma: 25 crore
 ola: 20 crore
 paytm: 5 crore + handwash
 mukesh ambani: 500 crore + hospital
 adani group 500 crore
 anand mahindra: hotels + ventilator
 prabhas , actor: 4 crore
 nadella (microsoft): 2 cr.
 anita dongre: 1.5 crore
 allu arjun:.  1.25 crore
 ram charan: 1.40 crore
 somnath temple trust: 1 crore
 pawan kalyan, actor:","donation for corona till now

*tata : 1500 crore*
*itc : 150 crore*
*hindustan unilever :100 crore*
*anil agarwal (vedanta) : 100 crore*
*hero cycle : 100 crore*
*bajaj group : 100 crore*
*shirdi : 51 crore*
*bcci : 51 crore*
*crpf : 33 crore*
*akshay kumar : 25 crore*
*sun pharma : 25 crore*
*ola : 20 crore*
*paytm : 5 crore + handwash*
*mukesh ambani : 5 crore + hospital*
*anand mahindra : hotels + ventilator*
*prabhas : 4 crore*
*anupama nadela(microsoft) : 2 crore*
*anita dongre : 1.5 crore*
*allu arjun : . 1.25 crore*
*ram charan : 1.40 crore*
*somnath trust : 1 crore*
*pawan kalyan : 1 crore*
*mahesh babu : 1 crore*
*chiranjivi : 1 crore*
*hema",0.90236,613
307476,Somewhat similar,,corona virus fact tell me,corona virus facts,0.90198,25
316871,Very similar,,"thank you
plz help me","please help us
thank you",0.90182,21
327534,Very similar,,hello dear sir mem,"hi
dear sir",0.90167,18
322453,Very similar,,thank you! appreciate the efforts!,thanks i appreciate your noble initiative.,0.90160,34
294828,Very similar,,"hy
ok
thank u",thank u sir,0.90137,13
351360,Very similar,,"yes
kindly contact me",please contact me,0.90130,21
322937,Very similar,,"help
please help
sir
say",please help me sir,0.90096,24
354131,Very similar,,pl check facts,pls check the facts,0.90003,14
337419,Very similar,,please check the fact the message is real or fake,please check this is real or fake,0.89939,49
310735,Very similar,,please give me your mobile number,can you please provide your mobile number to give details,0.89903,33
359103,Somewhat similar,,"so, the news was correct",it's true news,0.89889,24
313926,Not similar,,i'm not fack region,this is not a news,0.89775,19
303781,Very similar,,it's true or false i don't understand,"it's fake or true
i m confused",0.89706,37
343626,Very similar,,may i send some videos,can i send my videos,0.89655,22
296877,Very similar,,"now, us president, d. trump announced that roche medical company will launch the vaccine for corona virus next sunday, and millions of doses are ready from it !!! -the end of the play.","right now  trump announced that roche medical company will launch the vaccine next sunday, and millions of doses are ready from it !!!",0.89619,184
313140,Very similar,,i did not get any update on this..,"do reply
didn't get any response yet",0.89573,34
310276,Somewhat similar,,thank you so much sir pls help,thank you so much sir,0.89566,30
308771,Very similar,,"good morning sir,i am a student of mbbs 2019 batch pgims,rohtak,haryana
as you know due to pandemic covid19 our honourable prime minister shri narendra modi has decided to lockdown the whole country till 14th april also our respected cm decided the implementation of section 144 but still our classes are not suspended by our higher authorities.we gather in huge number i.e.250 and also our hostel mess are still open. there are about 4 mess in boys hostel and 2 in girls hostel which have a workload of 4 mbbs batches(3 have 200 students and 19 batch have strength of 250 students)","good evening sir
i am a student of pgims rohtak haryana
as you know due to pandemic situation our honorable pm decided to lockdown the whole country and also our  respect cm decided the implementation of section 144 but still our classes are not suspended where we gather in a huge number (250) and also the hostel mess are still open.
there are about 4 mess in boys hostel and 2  in girls hostel which have a workload of 4 mbbs batches (3 have 200 students and 19 batch have a strength 250 students) 4 bds batches, nursing batches",0.89444,582
363644,Very similar,,thank you sir for responding.🇮🇳,thank you so much for responding 🙏🏻🙏🏻🙏🏻,0.89332,30
145908,Very similar,,please help me sir.,"hi
please help sir",0.89211,19
337276,Very similar,,"*finally, some sensible advice.  from a gp nurse in the uk.*

*to avoid covid-19*
what i have seen a lot of are recommendations for how to try to avoid getting coronavirus in the first place ,
• good hand washing
• personal hygiene
• social distancing
-- but what i have not seen a lot of is advice for what happens if you actually get it, which many of us will.
so as your friendly neighborhood nurse let me make some suggestions:

*if you get covid-19*
you basically just want to prepare as though you know you’re going to get a nasty respiratory","“what i have seen are a lot of recommendations for how to try to avoid getting coronavirus.... good hand washing, personal hygiene and social distancing. but ...what i have not seen is advice for what happens if you do actually get it, which many of us will.
so as your friendly neighborhood nurse let me make some suggestions:

basically you just want to prepare as though you know you’re going to get a nasty respiratory bug, like bronchitis or pneumonia.

things you should actually buy ahead of time (not sure what the obsession with toilet paper is?):
augmentin duo 625 mg
paracetamol/ dolo",0.89201,548
362861,Somewhat similar,,no any solutions on this,i did not get any update on this..,0.89147,24
283586,Very similar,,please check the fact of this video,please check veracity of this video and the caption,0.89105,35
156140,Not similar,,i don't have link,i did not get an answer,0.89068,17
334227,Very similar,,hi. i need to check if this is true or false,hi.  i want to know if a message received is true or false,0.88986,44
144520,Very similar,,ok. thank you,thanks with regards sir.,0.88902,13
312454,Very similar,,please give me answer sir,please give me answer.,0.88841,25
358516,Very similar,,plz 🙏 check,plz check this 👆👍,0.88824,11
354191,Very similar,,"hi deactivates my account because i was stolen and they took my phone +55 31 9550-5583
hi deactivates my account because i was stolen and they took my phone 55 31 95505583
oi desativa minha conta pois eu foi furtado e levaram meu aparelho +55 31 9550-5583
hi deactivates my account because i was stolen and they took my phone +55 31 9550-5583
hi deactivates my account because i was stolen and they took my phone +55 31 9550-5583
+55 31 9550-5583
+55 31 9550-5583",hi deactivates my account because i was stolen and they took my phone +55 31 9550-5583,0.88791,463
299585,Somewhat similar,,29 april 2020 astoeyd information,"29 april 2020
yes",0.88772,33
350781,Very similar,,whatsapp group link,"whatsapp group link
hiii",0.88768,19
353745,Somewhat similar,,i don't know what to do,"🙏
what is this
i can't understand",0.88756,23
298954,Somewhat similar,,"hello sir / mdam
thank you for your message. we' will respond as soon as possible.😊",thank you for your message. we will respond as soon as possible.--regards shivnirmal enterprises,0.88746,83
323021,Somewhat similar,,i want share this video,i want to share a video through this channel,0.88739,23
318462,Very similar,,latest updates  corona,and latest update,0.88739,22
323683,Very similar,,"your welcome
i want to share video
with you","hello sir, i would like to share this video",0.88606,43
346165,Somewhat similar,,"hi
my i help you sir","hi
please help sir",0.88484,20
348953,Very similar,,please check the reality of this message,please check the reality and convey accordingly.,0.88464,40
133812,Very similar,,please tell me in hindi,plz reply in hindi launguage,0.88458,23
319103,Somewhat similar,,"please respond about it
is this message is true or false",check it's true or false,0.88454,56
347993,Very similar,,"hi
hello
friend
hii
hy","hi
hello friend 😊",0.88308,22
305231,Very similar,,please verify this message,please verify it,0.88305,26
169472,Very similar,,"[1/21, 10:37 am] bhatiasir mb9540906024: muslim must be boycotted from all tv channel,debates, subsidies
[1: voting right taken off if any one is pro  antlnationalism","muslim must be boycotted from all tv channel,debates, subsidies
voting if any one is pro  antlnationalism",0.88271,166
346032,Somewhat similar,,thank you useful service in the right time.🙏🙏,thanks for the support and right information 🙏🏻,0.88261,44
362836,Very similar,,plz help kero,help karo plz,0.88209,13
298377,Very similar,,any update on the above,any update on this..?,0.88200,23
339159,Very similar,,"verify it 👆👆👆👆

true or false",check it's true or false,0.88193,27
321605,Very similar,,please check the fact behind this message,fact check this message,0.88186,41
297911,Very similar,,don't share details please....,and please don't share the name showing above,0.88054,30
131882,Not similar,,"i have registered my self for saahitya aajtak programme...
but i want to know about further steps....aaj tak will provide us some participation certificate or not??
and how to reach the programme and what to bring to the programme",i want to know the details of your contact number to talk about complent. thanks,0.88034,230
332885,Very similar,,please upload my videos,please upload this video .,0.87997,23
304299,Very similar,,when will they come,when will the team come,0.87994,19
345861,Very similar,,kindly verify whether it is true or fake,please check whether this is fake or true.,0.87978,40
354151,Very similar,,share the above video on your channel if you like 👆,plz share this video on your channel 🙏🙏🙏,0.87937,51
320512,Very similar,,we are waiting for your update,i m waiting for your reply,0.87891,30
286858,Very similar,,"unicef
the corona virus is large in size with a cell diameter of 400-500 micro, so any mask prevents its entry so there is no need to exploit pharmacists to trade with muzzles.

the virus does not settle in the air, but on the ground, so it is not transmitted by the air.

the corona virus, when it falls on a metal surface, will live for 12 hours, so washing hands with soap and water well will do the trick.

corona virus when it falls on fabrics stays for 9 hours so washing clothes or exposing them to the sun for two hours is","unicef
 corona virus is large in size where the cell diameter is 400-500 micro and for this reason *any mask prevents its entry*

 the virus does not settle in the air but is grounded, so it is *not transmitted by air*.

 coronavirus when it falls on a metal surface, it will live 12 hours, so *washing hands with soap* and water well enough.

 corona virus when it falls on the fabric remains 9 hours, so *washing clothes* or *being exposed to the sun for two hours* meets the purpose of killing it.

 the virus lives on the hands for 10",0.87873,530
313837,Very similar,,its urgent sir,it's very urgent,0.87867,14
316639,Very similar,,this audio is genuine or fake,this audio is correct or fake??,0.87841,29
348787,Very similar,,"👆🏻
is this genuine?",is this true or fake👆news,0.87788,18
319914,Somewhat similar,,"dear sir, this video is going viral on watsapp. please verify it.","these audio is viral on whatsapp, please check it",0.87765,65
340940,Very similar,,thanks for giving me a right message,thank u for the right information,0.87757,36
319671,Very similar,,"sir i ask something but there is no response
i am take a loan from an online app golden lightning
so i want to ask that the extension is exist in this loan or not
as rbi said that there is 3 month extension in all loan","i am take a loan from an online app golden lightning
as rbi said that there is 3 month extension in all loan
so i want to ask that the extension is exist in this loan or not",0.87706,218
314512,Very similar,,when does i will get reply,"hey
when will i get report",0.87552,26
313921,Very similar,,this is fake news?,this news is fake or real ?,0.87541,18
345831,Very similar,,is this true or fake?  pl let me know thanks,"plz check is it true or fake
thanks",0.87496,44
350459,Somewhat similar,,okay its wrong video,"hello
sir i have one very wrong video",0.87475,20
321469,Very similar,,play this on television,please show this on television,0.87458,23
350382,Very similar,,but you haven't verified this or............ as you promised,you have not yet verified my forwaded message.,0.87453,60
309945,Very similar,,"check the title, it’s confusing title",this is a confusing title,0.87316,37
362010,Somewhat similar,,look into it.. its wrong its partiality,yes this message is wrong,0.87285,39
343011,Somewhat similar,,"hello sir
gud mrng","hello sir
hello sir",0.87253,18
306626,Very similar,,"check news is fake or not?
yes",is this message true or fake news?,0.87235,30
343492,Very similar,,"hello
i want to fact check",sir i want to get a fact checked,0.87219,26
313884,Very similar,,check it's true or false,"hey
true or false",0.87200,24
359890,Somewhat similar,,please showcase this problem🙏🙏,please check this video👆,0.87157,29
230737,Very similar,,check this video,pls see this video,0.87097,16
349044,Very similar,,"hell
hello
i want to send a video
corona song","i want
to
hi
i want to give you my song video for corona aware ness",0.87024,45
315273,Not similar,,ok think you somach  😔,please revert 🙏🏼🙏🏼🙏🏼,0.86926,22
321401,Somewhat similar,,please verify these videos authenticity...these are circulating in social media...,i want to know is this a real video from shaheen bagh as it is shared in social media.,0.86905,82
298524,Very similar,,please verify this audio,please check this audio,0.86901,24
346464,Not similar,,"no one is active at siddharth nagar,",not able to join any groups,0.86901,36
340618,Very similar,,thanks india today fact check,india today fact check,0.86891,29
318402,Very similar,,please check reality.,please check the reality and convey accordingly.,0.86885,21
342922,Very similar,,please don't show my name and account it's private ok,please don't share my contact details ....,0.86845,53
321647,Somewhat similar,,"ok
it's my pleasure
thanks for chatting",thanks for your nice sharing sir,0.86777,39
347258,Not similar,,i am from delhi gaziabad,this is ps usmanpur delhi,0.86757,24
318487,Not similar,,what are the terms condition,what is the status?,0.86745,28
339042,Somewhat similar,,bhaiya i am help,my help please,0.86732,16
276566,Not similar,,how can you help me,how can i contact,0.86726,19
300230,Very similar,,thank you so much for this information and help me out,thank you so much for the update,0.86707,54
361410,Somewhat similar,,some one send me this video,i received a video,0.86691,27
323910,Very similar,,plzz tell mi is this true???,pl chek this message. is it true..???,0.86582,28
307894,Very similar,,hello sir 🙏🙏,"hello sir
hello sir",0.86579,11
337396,Somewhat similar,,thanks you have a nice day,"hiii
good morning have a nice day",0.86536,26
171753,Somewhat similar,,"please help us
thank you","please
thank you",0.86533,24
338321,Somewhat similar,,"did u verify
the facts",can u please verify if these are correct,0.86479,22
343075,Very similar,,"dear sir
mam",hello sir/ mam,0.86430,12
347109,Not similar,,i have not received any help from pm and cm in up,i have not received any response from you,0.86389,49
341000,Somewhat similar,,pls check the facts,kindly check the facts of this vedio,0.86270,19
362226,Not similar,,"please contact number do
office","send me office
address",0.86157,31
294270,Very similar,,i wanna discuss something with you,i want to talk you,0.86157,34
312014,Very similar,,sir any response,sir any information?,0.86147,16
346589,Very similar,,please provide me contact no,your contact no,0.86115,28
350647,Very similar,,"need clarification on this 👆
is it fake or real",want to know is it true or fake,0.86053,47
145626,Somewhat similar,,thanks...keep doing good work,"good job
thanks",0.86049,29
322336,Somewhat similar,,have you checked the video,can u check this video,0.86039,26
310680,Somewhat similar,,how to verify this message,please verify this message,0.86038,26
327489,Very similar,,"hii
can i send u video",can i send my videos,0.85991,22
337899,Very similar,,this is real??,is this real?,0.85978,14
353055,Not similar,,"i don't no confirm
you are tell me",dont share my details,0.85930,34
325843,Somewhat similar,,please free recharge in jio no. 9817316687,free recharge plzzz this number 9346596703,0.85887,42
335186,Very similar,,its news real or rumor,is that news is real,0.85793,22
326014,Somewhat similar,,"fast check pls
kindky fact check fastly","hi
fast check kya h",0.85792,39
312199,Very similar,,but you never did the earlier one,there was no story published for the earlier one,0.85759,33
349042,Very similar,,want to know fact,want to check a fact,0.85758,17
346258,Very similar,,please verify all,please verify it,0.85417,17
166946,Somewhat similar,,i need your help please give me your conact nunber,"dear, i need your help.",0.85400,50
306270,Very similar,,hello good morning india,hello good morning,0.85393,24
341912,Very similar,,please go through this asap,pls check this asap,0.85392,27
298944,Very similar,,☝please check the fact. is it true.,please check if this is true,0.85311,35
347024,Somewhat similar,,shall i get any help from here?,will you help me,0.85301,31
354728,Not similar,,"pls reply me...
https://www.facebook.com/groups/449586312501710/permalink/659253131535026/
this is above link u have to verify it.....","please verify this

https://www.facebook.com/519840321438487/posts/2932651480157347/?sfnsn=wiwspwa&d=w&vh=e&extid=zlo2wzvi9bus4weu&d=w&vh=e",0.85271,134
318088,Very similar,,"hi, just want to check the authenticity of the below message","👆need to check the authenticity of the message.
👆need to check the authenticity of the message.",0.85253,60
297542,Very similar,,is this true or fake...???? please check and update us..... because after hear this audio people are panic much more,sir please check this audio clip...it very important because people are going in panic situation...,0.85231,116
326177,Very similar,,"hello
add me in your broadcast list","hi, please add me to your broadcast list.
i agree.",0.85161,35
340364,Somewhat similar,,"hi
i'm want job","hello
i want job
in aaj tak",0.85136,15
337661,Somewhat similar,,"sir
can i send videos for fact check",send me fact check about this video??,0.85115,36
333735,Somewhat similar,,"hi
see this plz",hi got this,0.85080,15
306425,Somewhat similar,,"sir please
immediately",you contact me immediately,0.85051,22
135998,Very similar,,pls let me know,please contact me,0.85005,15
296183,Very similar,,is this a real news,is the news true?,0.85004,19
332689,Very similar,,still waiting revert on this,what happened we are still waiting,0.84968,28
352856,Very similar,,please check fact right or wrong,please check it's right or wrong?,0.84955,32
348318,Not similar,,what about my query sir,sir.....i have a question,0.84912,23
347410,Somewhat similar,,"please telecast this video on the tv on aaj tak please please
please
please",i want to see this video on tv,0.84889,75
339786,Somewhat similar,,please fact check the informations in this photo.,sir please check these images,0.84874,49
326897,Very similar,,"please check facts and tell me
is it true or false","hi
i want to know, it is true or false, want fact check it",0.84856,50
329814,Not similar,,"beijing - china has approved the use of bear bile to treat coronavirus patients, angering activists and raising fears it could undermine efforts to stop the illegal animal trade which is blamed for the emergence of the new disease sweeping the globe","please fact check

_*breaking news from cnn :-*_

*dr. li wenliang*, china's hero doctor who was punished for telling the truth about corona virus and later died due to the same disease, had documented casefiles for research purposes and had in the casefiles proposed a cure that would significantly decrease the impact of the covid - 19 virus on the human body. the chemical *methylxanthine*, *theobromine* and *theophylline* stimulate compounds that can ward off these virus in a human with atleast an average immune system. whats more shocking is that these complex words that were so difficult for people in china to",0.84784,249
216892,Very similar,,"hi
hi
hi
hi tom i
hi tom i
hi","hi to
hi to
hi
hi",0.84778,29
323642,Not similar,,send me fact of this video,kindly confirm place of this video,0.84755,26
325637,Very similar,,how to free recharge,jio free recharge,0.84711,20
284696,Very similar,,got these above video and message as forward...kindly check if it is true !,please check veracity of this video and the caption,0.84708,75
304072,Very similar,,"hello sir...
customer care number
any helpline number","hello
customer care number",0.84664,53
357151,Somewhat similar,,"hello
manoj from malout punjab",ashish kaushish from kurali punjab,0.84658,30
314029,Somewhat similar,,"send me the news
anyother",send currently news,0.84643,25
332448,Very similar,,fact check please for the below video,please check fact for above video,0.84596,37
284338,Very similar,,"plz check is it true or fake
thanks",sir can you please tell that is it original or fake,0.84593,35
345639,Very similar,,"alright
waiting
👍🏿","waiting...
no problem 👍😊",0.84592,17
328333,Somewhat similar,,i've received this video via whatsapp...,i received a video,0.84586,40
341731,Not similar,,if you show the truth please show this type of news,please tell about the truthness of above news .if it's true then what will be it's effect ?,0.84560,51
355338,Somewhat similar,,not getting peplay message from your afp,u don t give me any details about my report,0.84533,40
336487,Somewhat similar,,"hiii
my name is rohit singh",my name is - lekhan singh,0.84511,27
333967,Very similar,,"hi
hi i am sonu arora paytm payment bank & kyc . we're unavailable right now, but will respond as soon as possible.","hi
🙏🙏☘🌹☘thank you for your message. we're unavailable right now, but will respond as soon as possible.🙏🙏☘🌹☘",0.84480,115
359440,Very similar,,please send results,please send update,0.84447,19
299811,Somewhat similar,,we can send latest news video this number,"please send latest news
thanks",0.84437,41
333473,Somewhat similar,,is the news checked?,when would you check the reality of news,0.84408,20
362251,Not similar,,can you advise,could you please respond sensibly,0.84322,14
308368,Very similar,,dear sir check this video and inquiry 👇🏻,please sir check this video,0.84309,39
314786,Very similar,,"hi
i want to fact check this video",please check the fact of this video,0.84238,34
348261,Somewhat similar,,"hey
my whatsapp number is banned please unban my whatsapp number 8801307051",help my whatsapp account is banned +917879293707 plzz open my whatsapp account,0.84237,75
285200,Somewhat similar,,thanks sir and thank to add me for this group 🙏🙏,thank you so much team aaj tak 🙏🙏😊,0.84202,47
361068,Very similar,,"#coronavirus was created in the lab by china, statement by the japanese nobel prize winner dr. tasaku honzo

 coronavirus is not natural.  japan's nobel laureate professor of medicine and professor, dr. tasuke honzo pakka, said that the virus was created by china and left to the world.

 ""if it is natural, it will not adversely affect the whole world because, according to nature, the temperature is different in different countries.

 but the virus is spreading in a country like switzerland, as well as in desert areas.

 i have been researching animals and viruses for the last 40 years. ","claim is, person in photo is tasuku honjo (medical professor) is a japan nobel receiver is claiming as coronavirues is human made and it is created in china wuhan virology lab only. and professor is also have proof for human made.
with his 4 years working experience in wuhan lab and when he tried to contact scientists in wuhan lab hr is unable to reach them from 3 months onwards.
so professor is telling as all the things and incidents are supporting for virus in human made in wuhan lab only.
pls check and verify it.",0.84140,593
236168,Not similar,,"dear concern i am dhananjay kumar saraswat live in mathura uttar pradesh my mobile no is 9358218117, 9045301602.

sir i have been cheated by some pramod verma by online fund transfer for any fake courier delivery service provider.

he is working currently and cheating innocent people countinous now.

some of the investigation i have completed but it is not sufficient to cought him red handed.

if you want to highlight him in the news than i can very helpful for that please contact me by a call as possible as soon

waiting for your response.

thanks
dhananjay kumar","police filed a false f.i.r on my name now to favour the man who is a fraud

i have all the proofs in my favor, it is a big scandal of tv mafia


plz do not ignore my mail and send help

it will not be a news

hide quoted text


nishant saxena

106 hari en clave

bulandshahr

india


9997098111 call


read the mail i forward to ssp and ig range

on tue, 21 jan 2020, 11:15 am nishant saxena, <perfectionistmann@gmail.com> wrote:

sir,am sorry to inform u but in my case police is giving perks to delinquent


on my f.i.r (attached) i am not getting positive response from bulandshahr police


the delinquent in my",0.84131,570
298453,Somewhat similar,,this audio is correct or fake??,it's true or fake,0.84071,31
313161,Not similar,,hi i m sunil join fact check india today,*india today fact check*,0.84008,40
333209,Very similar,,"please ,keep my name and number a secret.",pls keep my name and number confidential.,0.83984,41
334299,Not similar,,have  you found any answer yet if yes pls let me know,"will i got any reply
?",0.83976,53
313369,Somewhat similar,,"there is still no reply from you and neither is there any case in our sector.
can you at least have dignity of accepting you mistake?
*your",no response yet to any of my queries,0.83960,139
347006,Not similar,,"hello
sir i have one very wrong video","check it in reality
it's very bad
what difference",0.83957,37
333194,Somewhat similar,,👆🏻this video is circulated saying this is for spreading coronavirus,"i pray aaj tak this video show on aaj tak news
about coronavirus",0.83946,66
339341,Very similar,,sir i want to send a poetry which is written by me based on corona,this is my poetry about corona,0.83937,66
308142,Not similar,,call this mo no,please whatsapp no.,0.83909,15
252062,Somewhat similar,,please check the reality and convey accordingly.,i want to know that whats the reality..,0.83891,48
323325,Very similar,,i received this audio from someone can you confirm if it is true or not,"received this audio in a group
how do i check its authenticity?",0.83886,71
313021,Somewhat similar,,i have call recording of that number,please listen this there is a call recording,0.83813,36
357379,Not similar,,"abuse & heckle of doctors continue unabated in bengal:

dr.sarmistha dey mo, chanchol superspecialty hospital, &, wife of a paediatric surgeon, returned from after a continuous more than 30 days of being on-duty from malda to kolkata after one month of continuous stay there. on return to her home in kolkata, at orbit skyview, paikpara, she was abused and heckled by her neighbours, lead by one jayabrata sanyal.  her main door was locked from outside by her neighbours and she along with her family were forced to stay indoors. her maid servant was threatened. dr sarmistha has lodged an fir","sir good morning, i'm resident of andhratharhi, jhanjharpur, madhubani, bihar and came to cmc vellore with wife for treatment my both child about 6 yrs & 09 yrs stay with my old mother-in-law at asansol west bengal.she is unable to feed now self illness.we are trapped here due to lockdown 21 days .now again extend lockdown to 30th april it is not last it may again extend . think my situation is very worst.please help me for permission to move my native place own my cost  & medical checkup",0.83780,593
334454,Somewhat similar,,is this a real video srr ??,are these videos real and where are they made and ne n what context?,0.83767,27
286245,Not similar,,india today fact check,helo india today news,0.83736,22
350118,Somewhat similar,,"sr please have look on that documents
is this real or fake",please check whether this is fake or true.,0.83711,58
349129,Somewhat similar,,how can i send any information to india today news,how can i provide news in delhi,0.83652,50
298848,Not similar,,does whatapp have any payment option in india,"is this happened in india, then where",0.83621,45
315280,Not similar,,message provided pelisse,tell about this vedio,0.83601,24
298086,Very similar,,"..
kindly check the authenticity of this audio message, it is being circulated on whatsapp at very large level
and people are getting panicked",is this true or fake...???? please check and update us..... because after hear this audio people are panic much more,0.83517,142
360028,Very similar,,please help prasenjit chakraborty please help,please help ucash loan prasenjit chakraborty please help,0.83478,45
318531,Not similar,,when would you check the reality of news,"hi, whats the process of fact checking on any news/information?",0.83460,40
306818,Somewhat similar,,corona current news,"hii
today current news",0.83453,19
352766,Not similar,,"mam plzz help us
govt is not taking any action of  jharkhnd","not send me any more messages
i have talk to narender modi
not you
i am not interested your headline
ok",0.83447,59
350252,Somewhat similar,,can you help me sir related this point,may i know about this,0.83391,38
299618,Not similar,,now what i can do,can help me,0.83382,17
323415,Somewhat similar,,"please check this fact
now its irritating",i'm irritate this page,0.83313,41
344620,Not similar,,hi.. do u provide fact check for whatsapp forward?,any update about fact check ..?,0.83312,50
133776,Somewhat similar,,can i contact to aaj tak,please send me aaj tak whatsapp number,0.83283,24
302914,Not similar,,plz upload this video❤,please revert 🙏🏼🙏🏼🙏🏼,0.83273,22
295336,Not similar,,what hapend today,hello lndia today,0.83248,17
323096,Somewhat similar,,"please verify this picture
it shows that the ongoing lockdown may extend upto
30th june 2020
as written on the circular
please rectifyy",i had got this audio clip stating that india lockdown period would be extended until 15th june 2020.,0.83243,135
352693,Not similar,,"my name is sushant bauri sahu and i have booked ticket of airindia
flight no.: 652. i don't want to reschedule it or either wants to travel further for 1 year due to covid-19 reasons. i want a full refund of my money without any charges applied to it and i don't either want any gift vouchers all i need is full refund of money. i have complaint it to national consumer care and my complaint number is 1988190.","hello - tought of letting you know that indigo airline is not refunding the amount paid for  bookings made during lockdown rather they are giving credit shell for the traveller which is valid for 1 year. but, if the customer doesn't have any future travel plan for next 1/2 years then they are saying that they will deduct the cancellation fees which is around 90% of the booking amount and refund the rest. aslo, if a customer want to avail the credit shell in future then also they will deduct some charges. it is nothing but a scam. many",0.83235,410
327998,Very similar,,the first video is being circulated in various social media platforms as a group of muslims practicing sneezes in a mosque to spread corona virus. is it true or fake video?,"purposefully sneezing in mosque to spread virus
please fact check this video",0.83233,172
337390,Very similar,,"hello, i did not receive any message related to fact check i sent before some days. can you please check that?",but yet i didn't get my last virul msg fact from your team,0.83226,110
338948,Very similar,,tell  me please  about  my  video  telecasting in yes  or  no  answer  please,send me fact check about this video??,0.83216,77
348701,Very similar,,is this a true  or morphed image?,is this true or fake?,0.83199,33
298681,Very similar,,sir this audio recd pse check fact,plz check this audio,0.83174,34
354299,Somewhat similar,,i wanted you to release an article can i send you the details,i want a article to be published,0.83139,61
247514,Very similar,,i can understand🙏🏻🙏🏻,"ooo i see
ok",0.83090,18
135048,Not similar,,and tell me about it,yes i requested,0.83059,20
340404,Very similar,,protocol and procedures for lock down by who,who lockdown protocol,0.83055,44
341993,Very similar,,"plz check what is this and how is this disturbing video is on social media
thanks",is this video real or edited please check this is come to me through social media,0.83049,81
341991,Somewhat similar,,someone send a video on what’s app regarding corona virus i don’t think its a real its might be a  fake video and its increase the panic in the people,"can you please check the athunticity of this video
creating panic in groups
thanks
sorry not video the voice clip",0.83049,150
344622,Not similar,,"this is request you to kindly spread the word that fullinfaws college (off bannerghatta road, landmark dlf newtown, akshayanagar) is opened to all migrant workers/daily wage workers and anyone who needs shelter during this pandemic.

we are capable of providing shelter, food, clothes, medicine for sick and poor, sanitary pads for women and milk for children for the *next 1 month atleast*  along  with water facilities and clean toilets.
keeping the social distancing norms we can comfortably accommodate 100 people.

kindly spread this word and let us do our bit to serve during the people during the pandemic.

for","nesco (bombay exhibition center ) goregaon east .
shelter for migrants and labours

10,000+ people rehabilition shelter is created in nesco with food .

request all if you find any labour or migrants who dont have shelter and food , you can suggest them temporary to shift to gate no 1, nesco , western express highway , next to hub mall , goregaon east .

official counter of government is set for registration .

above said message is true.

lets help the needy world .

regards
team nesco .

request everyone to kindly pass on this message (received by me) to the needy in this time of crisis. thanks.",0.83040,618
182985,Very similar,,hello sir / mudum,hello sir/mam 🙏,0.82988,17
361081,Not similar,,harassment done of hearing handicap person employee named santosh gangadharrao chandane compulsorily retired headmaster panchayat samiti partur district jalna state maharashtra by education department primary zp jalna and beo office partur district jalna state maharashtra. payment of mine from 19dec 2018 to 30april 2019 has not given to me upto yet one year passed. i have no pension now. it becomes very hard to maintain my family expenses and medicinal expenses. so please help full done to get my delayed salary and reveal injustice done by education department zp jalna state maharashtra.,"i,anil kumar, demad resignation of bihar chief  minister,he has ruined the whole education depatment, now govenment school student are merely slave or sudra of twenty first century not more than that,the only chief minister on the earth who spent 34300000000 rupees annualy on jati,coty,dharam andling and not a single paise on laghutam,mahatam and avedan ,so he is not    fit to his office",0.82980,594
309424,Not similar,,want to report fake news on coronavirus.,"there is an audio being circulating over whatsapp about coronavirus
this might turn disastrous",0.82967,40
319992,Not similar,,"ok send
please send forward",please reply me,0.82967,27
170361,Not similar,,"hello sir, this rahul",hi rohit sir,0.82943,21
336101,Not similar,,"hello display it on your chanel
hello display it on your chanel",please reply your chanel,0.82938,63
346518,Not similar,,"hello i would like to verify about this video
this video is been propagating in facebook saying muslim men beat up police in police station",sir.. i saw this video on facebook stating that this mosque has been attacked by group of people in  the current ryots happening in delhi..is this really happend in delhi.. or whether it is a fake one,0.82935,139
156142,Not similar,,i'm sorry i don't have a link,still i didn't get justice,0.82931,29
306052,Not similar,,msg. from pune.. in view of the cerfiew imposed,"hiii
this vedio from pune moshi gaon pimpari chinchavad",0.82881,47
347155,Not similar,,"i certainly look forward to your feedback whether, positive or negative, please",waiting it’s a great concept please check it and reply you like or not .,0.82859,79
142205,Somewhat similar,,please check the truth behind this video!,please check veracity of this video and the caption,0.82842,41
294933,Not similar,,"how about some good news?

-china has closed down its last coronavirus hospital. not enough new cases to support them.

- doctors in india have been successful in treating coronavirus. combination of drugs used: lopinavir, retonovir, oseltamivir along with chlorphenamine. they are going to suggest same medicine, globally.

- researchers of the erasmus medical center claim to have found an antibody against coronavirus.

- a 103-year-old chinese grandmother has made a full recovery from covid-19 after being treated for 6 days in wuhan, china.

- apple reopens all 42 china stores,

- cleveland clinic developed a covid-19 test that gives results in hours, not days.

- good","*can anybody verify that the post reproduced below is really written by dr karkhanis (kem)?*

my nephew, who is also a lung specialist now, graduated with a master's degree, and works in *shenzhen hospital, china.*  he is being transferred to study *wuhan pneumonia virus.*  he just called me and told me to tell all of my friends *not to worry much about corona virus* :
if you have a runny nose and sputum when you have a cold, you cannot be a patient of coronavirus pneumonia, because *coronavirus pneumonia is a dry cough without runny nose*. this is the",0.82837,677
338893,Somewhat similar,,can you please fact check the forwarded message that i received,please fact check this clip which is being forwarded and which i received,0.82792,63
309652,Not similar,,"china buys 30 % of the shares of companies in europe , didn’t get any links to support it .
so must be fake .
i have forwarded the above message to some of the fact checking websites, will reply if they respond","kindly  give  few  minutes  to  read  this  all..

did china played a big planned game to control the world. read this and share your comment.

scene 1
china becomes ill, enters a ""crisis"" and paralyzes its trade.

scene ii
the chinese currency is devalued.  they do not do anything.

scene iii
due to the lack of trade of companies from europe and the usa that are based in china, their shares fall 40% of their value.

scene iv
the world is ill, china buys 30% of the shares of companies in europe and the us at a very low price.

scene v
china",0.82783,210
339438,Very similar,,"sir is lockdown dates are extended?
??",is lockdown going to extend,0.82775,38
333989,Not similar,,"sequence of safety gown shown in your program is wrong
this is dangerous
person showing it is incompetent from dr all","what is this...singnal then singla...why giving wrong name and things to public...it's really bad from your end.stop doing such nonsense
make it correct",0.82769,117
360433,Somewhat similar,,"hii
can i send some information","i want some information.
may i ask??",0.82757,31
131636,Not similar,,there is big problem of gas for 6- days,ok. i have a important news to give,0.82746,39
294554,Very similar,,"dear sir/madam,
kindly verify....is it genuine of fake.","plz check is it true or fake
thanks",0.82734,55
345555,Not similar,,"sir just your news at 11.00 shatak anchor made big mistake that she read news that in india total test of corona done 1.60 lacs and found positive 67 thousand, it’s a big mistake because in india not 67 thousand positive so pls you should check and pls tell again correct news because by this panic spread","we had time to prepare, this is sad, says rahul gandhi as covid-19 cases cross 500 in india
ahul gandhi had raised the alarm as early as on february 12 and his suggestions were not taken seriously, said the congress party.
ians
last updated: 24 mar 2020 05:33 pm (ist)
 we had time to prepare, this is sad, says rahul gandhi as covid-19 cases cross 500 in india
rahul gandhi's tweet comes in wake of a tweet by haryana-based doctor. (file photo/ getty)

new delhi: amid scarcity of the equipment for the corona warriors, congress leader rahul gandhi has said that he is sad about",0.82724,305
349589,Not similar,,"hi team, i'm working with indiamart for around an year, we just got to know in this situation of covid-19. indiamart is going to deduct 30% of salary of all employees.","now another unprecedented decision by modi cabinet.

all mps to get 30% salary cut for one year which amounts to rs. 60 crs. approx....

mplad funds suspended for two years which amounts to approx....7900 crs.

total 7900+ 60 crs....
quite a hefty amount for pm cares fund...",0.82715,167
311662,Not similar,,"dear india tv, as per modi ji they will provide every necessary think for home use but in ludhiana we are facing many problems, cylinder unavailable, karyana stopes not open and if open they don't have rashan because supply not done by wholesalers due to police of punjab not doing good behave with delivery man and holding their trucks. please show it in your news and also inform it to modi ji",i am completely  against the statement of shoot at site order given by telangana cm mr. chandrasekhar rao. i appeal him to take his statment back. people are forced to go out of their home for basic necessities. the normal indian citizens are not responsible for this coronavirus pandemic. india is a country with many middle class n lower middle class people who work on daily basis.. so this shoot at order is completely harsh.  all the mla and government officials  are safe in their big big bunglows they are not forced to come out of their,0.82695,395
308795,Not similar,,"attendance is a big issue when it comes the professional course like mbbs and without thinking the departments will mark every student's absent even in this pandemic
therefore it is now becoming the topic of concern that why sh. anil vij(health minister haryana) is not allowing holidays for 1st year mbbs students as they can do nothing in the treatment of corona patients","sir, during knock down people still going for there work because offices are not giving them notice for holidays. in my case they said us to not come office but did not give notice or any order. this means insecurity to ur because i know during payment they will say we did not give u any order so we can't pay u.",0.82690,373
345419,Not similar,,"hi
this is rupaalii shah from pune city.


govt announced 5kg wheat/rice and plus 5kg free with 1 kg dal and 1kg dal free.
the ration store of our area named asava, 121 guruwar peth, pune 411002, l.no. afpsg/29
*does not give dal to anyone*

please do sting operation to have him caught.

he has always been doing this, not giving all that is given in ration card n sells it off.

my old parents went today at 7.45a stood in line for 1 hour, got wheat n rice at 8.45a n were refused dal, the store said there is nothing else n refused dal","karnataka cm press meet highlights.
1. entire state lockdown
2. not more than 4 members including within family should not gather.
3. one family member per household will be allowed to step out to buy daily needs.
4. for daily waged labor (white ration card) will be provided free with 1 month required rice, 12kg per individual. through fair price shops.
5. along with rice rs.1500, cash will be provided per family.
6. except for essential services all government departments should work from home. and only 20% should work basis roaster.
7. all education departments, schools will be closed till 31st.
8. building construction workers and contract workers,",0.82689,538
194947,Somewhat similar,,ok thanks to reply,thank u sir,0.82681,18
320133,Not similar,,"i am rakesh

i request for you

one special medicine protect our self to corona virus

in dengue patient give papaya leaves is best medicine

in corona patient case best medicine  is cordyceps military mashroom it is natural  medicine it is gro your body  humanity power 200% to 250% it is natural drugs

i am not test to this medicine  because
i have no money and lab but you try this medicine and check it is successful or not successful

i hop we are bit corona
save india save world
jay hind
please reply. 9638021996","covid-19 treatment: best vaccine for covid-19 is natural medicine of increased fever without ac room.

nature 🌿🍃 created the covid-19 nature has the ability to fight 👊 with it with its natural defense mechanism.

body defense mechanism in action do not interfere with paracetamol & airconditioned room.",0.82650,520
360017,Not similar,,indian law not meant for these people.,"who is sohib ,he is not representive of india .",0.82634,38
318237,Not similar,,this vd is very interesting,this is a very good initiative,0.82616,27
334627,Not similar,,it's is very dangerous issue for basti up  please chek,"hiii
you help me
i am big problem",0.82574,54
142758,Somewhat similar,,"i,anil kumar rtd. h.m. middle school. kaithawan,dist. sheikhputa bihar alleges that all the honourable judges failed in interpretation of law and constitution ,your interpretation mismatched with democracy and socialism and very nearer to or even lnferior to feudalism and monarchy. none of you is deserving to be jedge of even lower court of a democratic country. you allare under the thic cloud of ignorance.i give all of you fail marks,if you have courage ,you may initiate contempt against me and after discussion you may prove youself pass or excellent . thanks.","i anil kumar demand resignation of all incopetent judges of supreme court of india, who 's misenterpretation of constitution results as (draupadi again unclothed in rajsabha) sir, i am not an ignorant person, i am deliberately destroying your ashok batika of prestige, so that you can initiate contempt against me and i would avaial oportunity to put my opinion before the world,i have no other option. with thanks",0.82572,567
217592,Not similar,,"because u showing wrong news on tv ....
which is opposite and dangerous for hindu communities...
you want to make india as a islamic countery 😡","the situation in kerala is scarier than you think!
*islam above nation*
islamists have distorted the indian national anthem to a payer song of muhammed nabi & sing that during  flag hoisting instead national anthem 👇",0.82551,143
363103,Not similar,,please check this video  and claim responsible person. it is not bearable,kindly verify this video and respond 🙏🏻🙏🏻 these people’s don’t have right to live 🙏🏻🙏🏻,0.82515,73
306070,Not similar,,please think about this idea,and tell me about it,0.82503,28
297884,Very similar,,plz check forbfact,pls check this,0.82488,18
323155,Very similar,,pls check the reality of this msg,sir can you pl check this msg.,0.82341,33
362460,Not similar,,please send me the story behind the video,may i send the video that i recorded,0.82335,41
185487,Not similar,,i want to reveal something about bcci.,hey i want to talk a seriou matter,0.82322,38
296067,Not similar,,"respected sir /madam i'm sending this mail behalf of few nursing students parents.  one nursing  colleges in ongole , andhra pradesh still they are sending  there students for clinical practice at rims hospital.  even they are not providing any safety things . so parents are very much feel panic about their children.  college are not responding parents request.  so please we request you please please help them.","there is a medical negligence case happen in jaypee hospital at noida, because of no proper doctor management and lack of caring nature, my wife was about to die after giving birth to a baby. doctors could not care properly after delivery and some angry behaviour had been shown by a lady assistant doctor at time of stitching because of that there was an interval vein got brust, hence continuous bleeding was happening.

i wanted to publish this behaviour and non caring issue of my gynecologist and assistant doctor on newspaper. it was life threatening issue and want your help in",0.82318,414
346063,Somewhat similar,,"is this a fake msg?? if yes, who has spread it??",please sir 👆🏻tell me about this news is fake or right ?,0.82306,48
361920,Not similar,,"ugandan president’s address to his nation.
a wisdom to share✨

uganda president kaguta museveni warns against people misbehaving during this covid-19 period, ""god has a lot of work, he has the whole world to look after. he cannot just be here in uganda looking after idiots..."". below is his reported statement.

""in a war situation, nobody asks anyone to stay indoors. you stay indoors by choice. in fact, if you have a basement, you hide there for as long as hostilities persist. during a war, you don't insist on your freedom. you willingly give it up in exchange for survival. during a",i am completely  against the statement of shoot at site order given by telangana cm mr. chandrasekhar rao. i appeal him to take his statment back. people are forced to go out of their home for basic necessities. the normal indian citizens are not responsible for this coronavirus pandemic. india is a country with many middle class n lower middle class people who work on daily basis.. so this shoot at order is completely harsh.  all the mla and government officials  are safe in their big big bunglows they are not forced to come out of their,0.82296,589
145018,Not similar,,"*good morning ,all indians = i am anil taak >> today we celebrate world hindi diwas it is celebrated on january 10 every year marking the anniversary of first world hindi conference which was held in 1975 and the first world hindi conference was inaugurated by the then pm indira gandhi since 1975 and world hindi day was observed on 10 january 2006 since then it is celebrated on 10 january every year.= thanks >> today 's my question = when we celebrate national hindi diwas ?","good morning , all indians = i am anil taak >> today we celebrate pravasi bharatiya diwas{ non-resident indian day} is a celebratory day observed (starting in 2015) on 9 january by the republic of india to mark the contribution of overseas indian community towards the development of india and the day commemorates the return of mahatma gandhi from south africa to ahmedabad on 9 january 1915 ,} = thanks >>today 's my question = who is the homeminister of maharastra state ?",0.82274,478
354354,Somewhat similar,,ok madam ji,"ok
thanks
ji",0.82267,11
299062,Not similar,,"how to check false news?
dr. mohammed ali, is the topmost heart specialist, has done the postmortem of carona virus.....clearly.....please listen and share with near and dears.
is this true?","👆pl listen to complete audio.its about a family of cu block ,pitampura,found infected of corona virus.
don't panic but take necessary precautions.",0.82242,190